rank,title,link,item_id,page,scrape_time,content_saved
13.,"Lcl.host: fast, easy HTTPS in your local dev environment",https://anchor.dev/blog/introducing-lcl-host,39765630,1,2025-05-17 11:28:00.181207,D:\alpha_seeker\content_2024-03-20\8baf6df6a2504d4103c29f91d2d90e1e.html
30.,Space Shuttle teleprinter reverse engineering,https://twitter.com/kenshirriff/status/1770188240777044079,39763458,1,2025-05-17 11:28:00.186141,
60.,Job boards are still rife with 'ghost jobs'. What's the point?,https://www.bbc.com/worklife/article/20240315-ghost-jobs-digital-job-boards,39761650,2,2025-05-17 11:28:03.462100,D:\alpha_seeker\content_2024-03-20\40ca46d975a897a8bd20b8c690d56ff5.html
90.,Texas schools fund pulls $8.5B from BlackRock over ESG investing,https://www.reuters.com/sustainability/sustainable-finance-reporting/texas-schools-fund-pulls-85-billion-blackrock-over-esg-policies-2024-03-19/,39771596,3,2025-05-17 11:28:06.440577,
120.,Long-term leisure computer use 'linked to increased erectile dysfunction risk',https://www.independent.co.uk/news/science/uk-biobank-studies-china-university-of-manchester-b2515459.html,39764387,4,2025-05-17 11:28:09.091124,D:\alpha_seeker\content_2024-03-20\6897c2143364b3a306965eea4f118452.html
150.,How we get high: our bodies are perfectly primed for consuming cannabis,https://www.cbc.ca/documentaries/the-nature-of-things/how-we-get-high-our-bodies-are-perfectly-primed-for-consuming-cannabis-1.6725390,39761913,5,2025-05-17 11:28:11.889427,D:\alpha_seeker\content_2024-03-20\e196c1c5976d9d8e1b24423ee3912b3a.html
180.,HiDPI support in Xwayland rootful merged,https://gitlab.freedesktop.org/xorg/xserver/-/merge_requests/1197,39769619,6,2025-05-17 11:28:17.532041,
179.,Inserting 100k rows 66 times faster,https://xnacly.me/posts/2024/faster-inserts/,39765341,6,2025-05-17 11:28:17.532041,D:\alpha_seeker\content_2024-03-20\a400207f1851eeaab78219229954fcba.html
210.,Homeland Security will test out using GenAI to train US immigration officers,https://www.theregister.com/2024/03/19/us_department_of_security_talks/,39761406,7,2025-05-17 11:28:20.824483,D:\alpha_seeker\content_2024-03-20\a7ad8b975e0cf5f0bec3a7ea2ee54491.html
240.,"Google reshapes Fitbit in its image as users allege ""planned obsolescence""",https://arstechnica.com/gadgets/2024/03/google-reshapes-fitbit-in-its-image-as-users-allege-planned-obsolescence/,39771015,8,2025-05-17 11:28:23.405325,D:\alpha_seeker\content_2024-03-20\8b03d6e295ab3a256f3e2ceef6720bb7.html
255.,Biden is giving Intel $8.5B for big semiconductor projects in 4 states,https://text.npr.org/1239533039,39768240,9,2025-05-17 11:28:26.188898,
254.,How does perception of climate protest influence support for climate action?,https://www.nature.com/articles/s44168-023-00096-9,39769918,9,2025-05-17 11:28:26.187889,D:\alpha_seeker\content_2024-03-20\1178aeb149cb12778f1cad104d3b445d.html
253.,US Weighs Sanctioning Huawei's Secretive Chinese Chip Network,https://www.bloomberg.com/news/articles/2024-03-20/us-weighs-sanctioning-huawei-s-secretive-chinese-chip-network,39769909,9,2025-05-17 11:28:26.187889,
252.,Researchers demonstrate breakthrough recyclability of carbon nanotube sheets,https://phys.org/news/2024-03-breakthrough-recyclability-carbon-nanotube-sheets.amp,39762164,9,2025-05-17 11:28:26.187889,D:\alpha_seeker\content_2024-03-20\19037b0b08748bd1c7ab265a7e60f1e0.html
251.,Intel receives $8.5B from US for expanding high-end fab capacity,https://arstechnica.com/tech-policy/2024/03/intel-receives-8-5-billion-from-us-for-expanding-high-end-fab-capacity/,39766518,9,2025-05-17 11:28:26.186382,D:\alpha_seeker\content_2024-03-20\e21d0bea45082eef512b7cf353dc1f81.html
250.,"Iran may attack US water supplies, warns Biden administration",https://www.telegraph.co.uk/us/news/2024/03/19/iran-china-us-water-supplies-cyber-attack-biden/,39766394,9,2025-05-17 11:28:26.186382,
249.,Dutch court ruling considers national airline guilty of greenwashing,https://www.aljazeera.com/news/2024/3/20/dutch-court-finds-airline-guilty-of-greenwashing,39768422,9,2025-05-17 11:28:26.186382,D:\alpha_seeker\content_2024-03-20\94478806e210e47e6c28cdf6fc06244b.html
248.,U.S. Accuses Two Men of Stealing Tesla Trade Secrets,https://www.nytimes.com/2024/03/19/business/tesla-trade-secrets-us-attorney.html,39761443,9,2025-05-17 11:28:26.186382,D:\alpha_seeker\content_2024-03-20\eb45c30c243aca5cfb574c2e74226c6f.html
247.,Mathematicians plan computer proof of Fermat's last theorem,https://www.newscientist.com/article/2422601-mathematicians-plan-computer-proof-of-fermats-last-theorem/,39762862,9,2025-05-17 11:28:26.185385,D:\alpha_seeker\content_2024-03-20\d9d8cb47f817ad2f6758591c07dead25.html
246.,"Reddit, Shareholders Guide IPO Price at Top of Range or Above",https://www.bloomberg.com/news/articles/2024-03-20/reddit-shareholders-guide-ipo-price-at-top-of-range-or-above,39768362,9,2025-05-17 11:28:26.185385,
245.,The median active developer merges 2 PRs per week,https://graphite.dev/research/commit-frequency,39762109,9,2025-05-17 11:28:26.185385,D:\alpha_seeker\content_2024-03-20\f81623b2a7651f5eb95742991014d03b.html
244.,The making of Ruby Changes: A boring advent,https://zverok.space/blog/2023-12-28-advent-of-changelog-fin.html,39757903,9,2025-05-17 11:28:26.184382,D:\alpha_seeker\content_2024-03-20\767db5d01b6918b06480d0b878d006c2.html
243.,Milei falters on shock therapy for Argentina's economy,https://www.aljazeera.com/economy/2024/3/19/first-100-days-milei-falters-on-shock-therapy-for-argentinas-economy,39763506,9,2025-05-17 11:28:26.184382,D:\alpha_seeker\content_2024-03-20\b030412edf9a7be7c7ea0e8a7f6aa815.html
242.,The Epic Games Store Is Coming to iOS and Android,https://twitter.com/EpicGames/status/1770500825166545305,39772912,9,2025-05-17 11:28:26.183385,
241.,Ask HN: Whats been your experience in interviewing noawadays,https://news.ycombinator.com/item?id=39765893,39765893,9,2025-05-17 11:28:26.183385,D:\alpha_seeker\content_2024-03-20\624f1734437b4b6b769f42074f8c4d12.html
239.,"AMD with Upstream Linux Nears ""The Ultimate Goal of Confidential Computing""",https://www.phoronix.com/news/AMD-EPYC-SEV-SNP-CoCo,39761902,8,2025-05-17 11:28:23.405325,D:\alpha_seeker\content_2024-03-20\0609d969711063a89819411ef34631de.html
238.,"AI brings existential crisis for Apple, Salesforce, old tech: Partner or perish",https://www.marketwatch.com/story/these-older-tech-companies-are-playing-catch-up-in-genai-adfb2835,39758631,8,2025-05-17 11:28:23.404325,D:\alpha_seeker\content_2024-03-20\e820c5e4fc0916ee175275e28050331e.html
237.,Ireland gambles on China's big tech billions,https://www.politico.eu/article/ireland-big-tech-china-economy/,39764418,8,2025-05-17 11:28:23.404325,D:\alpha_seeker\content_2024-03-20\d4b16505b283f93a9a4aad831310a4e5.html
236.,Show HN: React sprout â€“ a router for react applications,https://www.react-sprout.com/,39755258,8,2025-05-17 11:28:23.404325,D:\alpha_seeker\content_2024-03-20\1298bc0127051f2f29c1874670a22ff0.html
235.,"A study says intermittent fasting is making people drop dead. Oh, come on",https://www.statnews.com/2024/03/19/intermittent-fasting-study-heart-risk/,39760722,8,2025-05-17 11:28:23.404325,D:\alpha_seeker\content_2024-03-20\cd9c6ed4bf6ed527a4000c8e0dd8ccf8.html
234.,What is GitHub talking about?,https://www.reifyworks.com/writing/2024-03-19-what-is-github-talking-about,39765693,8,2025-05-17 11:28:23.403326,D:\alpha_seeker\content_2024-03-20\32377945b36d242bac2f2755aadcf6b1.html
233.,AMD tinybox on hold until we can build and run the relevant firmware on our GPUs,https://twitter.com/__tinygrad__/status/1770151484363354195,39759391,8,2025-05-17 11:28:23.403326,
232.,"EU's Vestager warns about Apple, Meta fees, disparaging rival products",https://www.reuters.com/technology/eus-vestager-warns-about-apple-meta-fees-disparaging-rival-products-2024-03-19/,39763652,8,2025-05-17 11:28:23.403326,
231.,Google AdMob SDK Remotely Crashing Numerous Android Apps,https://issuetracker.google.com/issues/330368298,39761667,8,2025-05-17 11:28:23.403326,D:\alpha_seeker\content_2024-03-20\d8bbea114b4c28b528ba6af356ca36de.html
230.,Am I in the Stack?,https://huggingface.co/spaces/bigcode/in-the-stack,39768101,8,2025-05-17 11:28:23.402328,D:\alpha_seeker\content_2024-03-20\37a29ec9d82a212e2dc9c55d83e17a10.html
229.,The myth of natural talent. And why we still believe in it,https://medium.com/@orzel.jarek/the-myth-of-natural-talent-ac74787f5826,39766973,8,2025-05-17 11:28:23.401326,D:\alpha_seeker\content_2024-03-20\cb7eebc3811fe9573a72bc3ff4a3e616.html
228.,Tableflow,https://www.confluent.io/blog/introducing-tableflow/,39762762,8,2025-05-17 11:28:23.401326,D:\alpha_seeker\content_2024-03-20\0a9ceb8fcf5cedae587ed5ed7ed4880c.html
227.,The Exponential Enshittification of Science,https://garymarcus.substack.com/p/the-exponential-enshittification,39767817,8,2025-05-17 11:28:23.401326,D:\alpha_seeker\content_2024-03-20\139bd3424972bc76ffe1eae12b06e5d4.html
226.,US Air Force conducts final test of Lockheed's hypersonic missile,https://www.defensenews.com/air/2024/03/19/us-air-force-conducts-final-test-of-lockheeds-hypersonic-missile/,39760554,8,2025-05-17 11:28:23.400405,D:\alpha_seeker\content_2024-03-20\b2fe282192a27eb9f6c8e4b66f8f0366.html
225.,Blue and green honey makes French beekeepers see red,https://www.reuters.com/article/idUSBRE8930MR/,39761428,8,2025-05-17 11:28:23.400405,
224.,Oracle warns Java users not to upgrade to macOS Sonoma 14.4 on Apple Silicon,https://devclass.com/2024/03/18/macos_sonoma_java/,39762748,8,2025-05-17 11:28:23.400405,D:\alpha_seeker\content_2024-03-20\eae45ad37f57242e969f246267a42bbd.html
223.,Trackers Placed in Amazon Pkging Reveal What Happens to Store Drop-Off Recycling,https://gizmodo.com/trackers-placed-in-amazon-packaging-reveal-what-really-1851352607,39769575,8,2025-05-17 11:28:23.399396,D:\alpha_seeker\content_2024-03-20\635bd332033b41b52e2a5d287a44fef3.html
222.,Statistical models of hospital fatality rates after accidental falls in children,https://www.sciencedirect.com/science/article/pii/S0096300324001504,39764864,8,2025-05-17 11:28:23.399396,
221.,Meta shows off Threads fediverse integration,https://www.theverge.com/24106231/threads-fediverse-demo-meta-fediforum,39762714,8,2025-05-17 11:28:23.398323,D:\alpha_seeker\content_2024-03-20\035b4503be748fc8314c2f5e96ed7014.html
220.,The Story of Elixir,https://osshistory.org/p/elixir,39763383,8,2025-05-17 11:28:23.398323,D:\alpha_seeker\content_2024-03-20\c97303c34364658c2e9f38d6604e667a.html
219.,Show HN: Reactive Jupyter- reactive execution of Python in VSCode,https://marketplace.visualstudio.com/items?itemName=micoloth.reactive-jupyter,39768654,8,2025-05-17 11:28:23.398323,D:\alpha_seeker\content_2024-03-20\d674427a23c04584acfa7ba11b3c24cc.html
218.,"EU's Vestager warns about Apple, Meta fees, disparaging rival products",https://www.reuters.com/technology/eus-vestager-warns-about-apple-meta-fees-disparaging-rival-products-2024-03-19/,39769261,8,2025-05-17 11:28:23.398323,
217.,Microsoft and Meta accuse Apple of playing games with App Store rules,https://www.theverge.com/2024/3/20/24106838/apple-epic-anti-steering-developers-in-app-payments-meta-microsoft-match,39770361,8,2025-05-17 11:28:23.397747,D:\alpha_seeker\content_2024-03-20\70d051db7a8505f2afbfcd202ad282ff.html
216.,U.S. Announces Rules Aimed at Phasing Out Gas Cars,https://www.nytimes.com/2024/03/20/climate/biden-phase-out-gas-cars.html,39768057,8,2025-05-17 11:28:23.396746,D:\alpha_seeker\content_2024-03-20\040fed28e0cbeee91693e89c011f7ac5.html
215.,Reddit power users balk at chance to participate in IPO,https://www.cnbc.com/2024/03/20/reddit-power-users-balk-at-chance-to-participate-in-ipo-as-debut-nears.html,39772319,8,2025-05-17 11:28:23.396746,D:\alpha_seeker\content_2024-03-20\5fdf685e73ac2283019a9a1f7cbbc626.html
214.,Musk's X Suspends Accounts That Reveal a Neo-Nazi Cartoonist's Alleged Identity,https://www.wired.com/story/elon-musk-x-blocked-journalists-researchers-neo-nazi-cartoonist/,39766452,8,2025-05-17 11:28:23.396746,D:\alpha_seeker\content_2024-03-20\f5062bc191edb70d7f53296303cb4c4f.html
213.,Orbio Earth finds methane leaks that could cost oil companies $9Bthis year,https://techcrunch.com/2024/03/13/orbio-earth-seed-round/,39760970,8,2025-05-17 11:28:23.395800,D:\alpha_seeker\content_2024-03-20\c10b8b7c2acecd7db07b37dbf7cc2915.html
212.,Neanderthals created stone tools held together by a multi-component adhesive,https://www.nyu.edu/about/news-publications/news/2024/february/did-neanderthals-use-glue--researchers-find-evidence-that-sticks.html,39741468,8,2025-05-17 11:28:23.394779,D:\alpha_seeker\content_2024-03-20\220b5ba72dccc4dc150d9c74e11f4dee.html
211.,Curl is 26 years old today,https://daniel.haxx.se/blog/2015/03/20/curl-17-years-old-today/,39764760,8,2025-05-17 11:28:23.394779,D:\alpha_seeker\content_2024-03-20\799013f5707458eeeeac020288b2a3a0.html
209.,"You can have the blue pill or the red pill, and we're out of blue pills (2023)",https://www.nytimes.com/2023/03/24/opinion/yuval-harari-ai-chatgpt.html,39761739,7,2025-05-17 11:28:20.824483,D:\alpha_seeker\content_2024-03-20\9a547802544229bb3d1fc84c837520f9.html
208.,Show HN: LLMdantic: Structured Output Is All You Need,https://github.com/firattamur/llmdantic,39760578,7,2025-05-17 11:28:20.823484,D:\alpha_seeker\content_2024-03-20\b122144d674206ac211997d9de6a8b33.html
207.,Climate models can't explain 2023's heat anomaly,https://www.nature.com/articles/d41586-024-00816-z,39768110,7,2025-05-17 11:28:20.823484,D:\alpha_seeker\content_2024-03-20\260b1416fa58d9f8bec4628de32d7451.html
206.,"Apple Faces Legal Protest from Meta, Microsoft, X and Match",https://www.wsj.com/tech/apple-faces-legal-protest-from-meta-microsoft-x-and-match-7fe41d0f,39770045,7,2025-05-17 11:28:20.823484,
205.,Microsoft is now blocking Russian firms from using its cloud services,https://www.techradar.com/pro/security/microsoft-is-now-blocking-russian-firms-from-using-its-cloud-services,39763312,7,2025-05-17 11:28:20.822485,D:\alpha_seeker\content_2024-03-20\3400dcd3ac8989cb5f1a0f37d16f6d05.html
204.,"Judge rules that YouTube, Facebook and Reddit must face legal action",https://www.cnn.com/2024/03/19/tech/buffalo-mass-shooting-lawsuit-social-media/index.html,39764464,7,2025-05-17 11:28:20.822485,D:\alpha_seeker\content_2024-03-20\58b465f669cdc159e1c78b0966c65e1f.html
203.,Ask HN: How to Get Started in Genomics?,https://news.ycombinator.com/item?id=39764680,39764680,7,2025-05-17 11:28:20.821486,D:\alpha_seeker\content_2024-03-20\a1d97d307e6a7e76c12acd7bcdda1f06.html
202.,"Is the ""AI developer"" a threat to jobs â€“ or a marketing stunt?",https://blog.pragmaticengineer.com/the-ai-developer/,39766307,7,2025-05-17 11:28:20.821486,D:\alpha_seeker\content_2024-03-20\76873b0a2908053d582c5e2f21e15f53.html
201.,Database Migration Practices for Your Ruby on Rails App Using Strong Migrations,https://blog.appsignal.com/2024/03/20/good-database-migration-practices-for-your-ruby-on-rails-app-using-strong-migrations.html,39765444,7,2025-05-17 11:28:20.821486,D:\alpha_seeker\content_2024-03-20\733c30c5175bea6936f0d8c8933dd0c8.html
200.,TacticAI: An AI assistant for football tactics,https://deepmind.google/discover/blog/tacticai-ai-assistant-for-football-tactics/,39766288,7,2025-05-17 11:28:20.820477,D:\alpha_seeker\content_2024-03-20\97c85536a374b978bdc0b494964d2a2e.html
199.,Tell HN: ChatGPT has become untrustworthy,https://news.ycombinator.com/item?id=39770769,39770769,7,2025-05-17 11:28:20.820477,D:\alpha_seeker\content_2024-03-20\5d1e0b337d07213dfec50564d11baaac.html
198.,Dietary restriction of isoleucine increases healthspan and lifespan of mice,https://www.cell.com/cell-metabolism/abstract/S1550-4131(23)00374-1,39761959,7,2025-05-17 11:28:20.820477,
197.,A coal billionaire is building the biggest clean energy plant,https://www.cnn.com/2024/03/19/business/india-adani-green-energy-plant-climate-intl-hnk/index.html,39768054,7,2025-05-17 11:28:20.820477,D:\alpha_seeker\content_2024-03-20\ac12554fc52a998f942c8bab3ef47725.html
196.,"CISA hit by hackers, key systems taken offline",https://securityintelligence.com/news/cisa-hackers-key-systems-offline/,39759860,7,2025-05-17 11:28:20.818978,D:\alpha_seeker\content_2024-03-20\8e837b08bead7ca0b1af3c326a440a29.html
195.,Google blocks man's email account over nude childhood photo,https://www.thehindu.com/news/national/google-blocks-mans-email-account-over-nude-childhood-photo-gujarat-hc-issues-notice-to-firm/article67963961.ece,39762403,7,2025-05-17 11:28:20.818978,D:\alpha_seeker\content_2024-03-20\de2bb55bb5feed6cc0fa292bcbacecd3.html
194.,"Twitter launches API quota top-ups, $100 to read 10k additional tweets",https://twitter.com/XDevelopers/status/1770153665782808637,39773158,7,2025-05-17 11:28:20.818978,
193.,MindEye2: Shared subject models enable fMRI to image with 1 hour of data,https://medarc-ai.github.io/mindeye2/,39761049,7,2025-05-17 11:28:20.818978,D:\alpha_seeker\content_2024-03-20\c9d3b142b860352d1f57edf0c9f5e5b4.html
192.,"Northrop, DARPA envision moon 'railroad' for lunar logistics",https://www.c4isrnet.com/battlefield-tech/space/2024/03/19/northrop-darpa-envision-moon-railroad-for-lunar-logistics/,39761536,7,2025-05-17 11:28:20.818978,D:\alpha_seeker\content_2024-03-20\f1d626f4c789a6f5d70a88b75085bd3f.html
191.,Reddit prices IPO at $34 in first major social media offering since 2019,https://www.cnbc.com/2024/03/20/reddit-prices-ipo-at-34-per-share-sources-say.html,39772991,7,2025-05-17 11:28:20.818978,D:\alpha_seeker\content_2024-03-20\b9b2ed9c232853c3e6565839b9a5ea64.html
190.,Cosmic dust fertilization of glacial prebiotic chemistry on early Earth,https://www.nature.com/articles/s41550-024-02212-z,39762040,7,2025-05-17 11:28:20.817970,D:\alpha_seeker\content_2024-03-20\8b3ead17d99b470a7e2f5f0272ee2e98.html
189.,NIST National Vulnerability Database Disruption Sees CVE Enrichment on Hold,https://www.infosecurity-magazine.com/news/nist-vulnerability-database/,39767527,7,2025-05-17 11:28:20.817970,D:\alpha_seeker\content_2024-03-20\7f96019eaeb30ea21c7782a2f39e7a12.html
188.,Some cities getting rid of minimum parking rules,https://tylerpaper.com/news/texas/some-cities-getting-rid-of-minimum-parking-rules/article_4f445fb6-e616-11ee-81aa-9368f4197891.html,39761855,7,2025-05-17 11:28:20.817970,D:\alpha_seeker\content_2024-03-20\fa91d78cf56cc322cb31bc5debf95b83.html
187.,Show HN: Allowing threads on GitHub PR Issue comments,https://blog.pullpo.io/allowing-threads-on-github-pr-comments/,39765237,7,2025-05-17 11:28:20.816367,D:\alpha_seeker\content_2024-03-20\363834728feeddc1b1b9e1be85638799.html
186.,Mexico refuses to accept any migrants deported by Texas under new state law,https://www.bbc.com/news/world-us-canada-68613083,39762265,7,2025-05-17 11:28:20.816367,D:\alpha_seeker\content_2024-03-20\11a4478ee4d6d318514fcc4f749595b9.html
185.,You can now get birth control over the counter in NY pharmacies,https://secretnyc.co/over-the-counter-birth-control-ny-pharmacies/,39772464,7,2025-05-17 11:28:20.816367,D:\alpha_seeker\content_2024-03-20\aee3c0a4209949005c8de0395517bf84.html
184.,US sending $300M in weapons aid to Ukraine,https://taskandpurpose.com/news/ukraine-military-assistance-army/,39766680,7,2025-05-17 11:28:20.816367,D:\alpha_seeker\content_2024-03-20\8312227bcc29f44b9e056d9789899966.html
183.,Halo co-creator that joined EA 'gut punched' as publisher lays off entire team,https://www.pcgamer.com/games/fps/halo-co-creator-that-joined-ea-to-work-on-battlefield-gut-punched-as-publisher-lays-off-entire-team-i-dont-have-anything-positive-to-say-about-ea/,39761444,7,2025-05-17 11:28:20.815366,D:\alpha_seeker\content_2024-03-20\8c8ad526509a85716548480be98c7f7f.html
182.,US battery storage smashes deployment records in Q4 2023,https://electrek.co/2024/03/20/us-battery-storage-smashes-deployment-records-in-q4-2023/,39772216,7,2025-05-17 11:28:20.815366,D:\alpha_seeker\content_2024-03-20\d4d98b8603e301abac215f48a8c3498c.html
181.,Love Across Continents: The Surprising Cupid for Young Couples,https://www.wsj.com/lifestyle/love-across-continents-the-surprising-cupid-for-young-couples-0e806ba2,39767292,7,2025-05-17 11:28:20.815366,
177.,How to bully-proof your kids for life,https://www.theguardian.com/society/2022/mar/19/how-to-bully-proof-your-kids-for-life-according-to-the-expert,39764880,6,2025-05-17 11:28:17.532041,D:\alpha_seeker\content_2024-03-20\7f491fb7c11cc688f666d86c1a0eb3cb.html
176.,Analysis of Competing Hypotheses,https://en.wikipedia.org/wiki/Analysis_of_competing_hypotheses,39770222,6,2025-05-17 11:28:17.532041,D:\alpha_seeker\content_2024-03-20\db734bf24c8ba2e5326e8325140a42ef.html
175.,Why Tech Companies Are Not Your Friends,https://www.nytimes.com/2024/03/20/technology/personaltech/roku-data-breach-companies.html,39766048,6,2025-05-17 11:28:17.532041,D:\alpha_seeker\content_2024-03-20\916209e952d0951a384cbc73bd128188.html
174.,Alien: Romulus â€“ Teaser Trailer [video],https://www.youtube.com/watch?v=GTNMt84KT0k,39772304,6,2025-05-17 11:28:17.530726,D:\alpha_seeker\content_2024-03-20\aeeb38646b4cc44610a58d4a113e63b4.html
173.,Saudi Arabia reportedly in talks with VCs to create mammoth $40B AI fund,https://www.cnbc.com/2024/03/20/saudi-arabia-in-talks-with-andreessen-horowitz-to-create-ai-fund.html,39765216,6,2025-05-17 11:28:17.529711,D:\alpha_seeker\content_2024-03-20\5e51a3e3361d6a63f0abc3c145529ad4.html
172.,Flagship NASA space telescope faces a penny-pinching death,https://bigthink.com/starts-with-a-bang/flagship-nasa-telescope-death/,39766500,6,2025-05-17 11:28:17.529711,D:\alpha_seeker\content_2024-03-20\b307b9bdcc863748c4a12085304669bc.html
171.,Culture over Policy: The birth rate decline,https://www.writingruxandrabio.com/p/culture-over-policy-the-birth-rate,39767368,6,2025-05-17 11:28:17.528693,D:\alpha_seeker\content_2024-03-20\ef7a579322bbab3b80562a68d7b29296.html
170.,Britain enters period of mourning as Greggs unable to process payments,https://www.theregister.com/2024/03/20/greggs_payments_meltdown/,39765745,6,2025-05-17 11:28:17.528693,D:\alpha_seeker\content_2024-03-20\3ebd5f13b88f08a8b267ec9d8fe7f1c1.html
169.,"Young people becoming less happy than older generations, research shows",https://www.theguardian.com/society/2024/mar/20/young-people-becoming-less-happy-than-older-generations-research-shows,39762152,6,2025-05-17 11:28:17.528058,D:\alpha_seeker\content_2024-03-20\a675939d01ff877c9eaaf56373adea21.html
168.,Show HN: NeetoRecord â€“ an affordable Loom alternative for remote work,https://www.neeto.com/neetorecord,39755303,6,2025-05-17 11:28:17.527058,D:\alpha_seeker\content_2024-03-20\63eee0b6faccacbfe5c9cdeeeb903a6f.html
167.,Is loneliness a threat to Germany's democracy?,https://www.dw.com/en/is-loneliness-a-threat-to-germanys-democracy/a-68513591,39771129,6,2025-05-17 11:28:17.527058,D:\alpha_seeker\content_2024-03-20\0fcdef43e11e8683ddab49c888ce6196.html
166.,Even Apple's $2B fine seemingly hasn't stopped its beef with Spotify,https://www.businessinsider.com/apple-reportedly-hasnt-updated-spotifys-eu-app-yet-2024-3,39761791,6,2025-05-17 11:28:17.526046,D:\alpha_seeker\content_2024-03-20\dc8da2f330bf8288c0e875abcabaf8e1.html
165.,Bill Gates' TerraPower plans to build first US next-generation nuclear plant,https://www.ft.com/content/418907d1-d497-439c-9800-eb814226ab71,39761974,6,2025-05-17 11:28:17.526046,D:\alpha_seeker\content_2024-03-20\e5d23ace9d30b5076840a278bdc08f9f.html
164.,Time spent on computer linked to increased chance of erectile dysfunction,https://www.independent.co.uk/news/science/erectile-dysfunction-computer-laptop-study-b2515859.html,39771639,6,2025-05-17 11:28:17.525058,D:\alpha_seeker\content_2024-03-20\6b5b187ebdfa52a023a63a446591eff9.html
163.,Mystery among the vines: Why is the FBI probing some of Napa Valley's wineries?,https://www.msn.com/en-us/news/us/mystery-among-the-vines-why-is-the-fbi-probing-some-of-napa-valley-s-fanciest-wineries/ar-BB1kdeLl,39767318,6,2025-05-17 11:28:17.524062,D:\alpha_seeker\content_2024-03-20\24bc04d68b7046f2afb89e0b144a31e2.html
162.,Show HN: Cloud-native Stack for Ollama - Build locally and push to deploy,https://github.com/ollama-cloud/get-started,39758581,6,2025-05-17 11:28:17.524062,D:\alpha_seeker\content_2024-03-20\872fc77779e8db6513d22690b6fe4ab0.html
161.,Dwarf Fortress creator blasts execs behind brutal industry layoffs,https://www.pcgamer.com/games/sim/dwarf-fortress-creator-blasts-execs-behind-brutal-industry-layoffs-they-can-all-eat-s-i-think-theyre-horrible-greedy-greedy-people/,39762216,6,2025-05-17 11:28:17.523066,D:\alpha_seeker\content_2024-03-20\3f2dc2e53d32e5a6cdc571a63f353221.html
160.,"Teacher used AI and yearbook photos of children to make CSAM, police allege",https://www.tampafp.com/beacon-christian-academy-teacher-used-ai-and-yearbook-photos-of-children-to-make-erotica/,39760951,6,2025-05-17 11:28:17.523066,D:\alpha_seeker\content_2024-03-20\033f33b4cb602a73bb21d5d58d29f879.html
159.,Parkinson's Disease Can Now Be Detected Through the Skin,https://www.wsj.com/health/parkinsons-disease-can-now-be-detected-through-the-skin-5f9341e7,39768084,6,2025-05-17 11:28:17.522046,
158.,This 1990 NES soundtrack just blew my mind [video],https://www.youtube.com/watch?v=Zh-rYtmC0Y8,39762261,6,2025-05-17 11:28:17.521084,D:\alpha_seeker\content_2024-03-20\2a5656267a9d39c7438a0ea83854e56b.html
157.,Deeply Unhappy Gen Z and Millennials Cause U.S. Drop in Global Happiness Ranking,https://gizmodo.com/unhappy-gen-z-millennials-us-drop-happiness-ranking-1851350932,39767329,6,2025-05-17 11:28:17.521084,D:\alpha_seeker\content_2024-03-20\4ff47e3504c5557f6589cf3d132c69ff.html
156.,Commercial Bank of Ethiopia glitch lets customers withdraw millions,https://www.bbc.com/news/world-68599027,39763209,6,2025-05-17 11:28:17.519990,D:\alpha_seeker\content_2024-03-20\dabad395e2fd73c0b9cbe3be3af7ce20.html
155.,Village Life in Britain 3k Years Ago,https://www.nytimes.com/2024/03/19/science/archaeology-britain-must-farm.html,39765258,6,2025-05-17 11:28:17.519990,D:\alpha_seeker\content_2024-03-20\7d05575216445faa92caabf1aa0d33ae.html
154.,Intel is still top dog: ships 3x more CPUs than AMD and Apple combined,https://www.pcgamer.com/hardware/processors/intel-is-still-top-dog-ships-3x-more-cpus-than-amd-and-apple-combined/,39768285,6,2025-05-17 11:28:17.519014,D:\alpha_seeker\content_2024-03-20\0e66d481102a3166e57d0c520cca8549.html
153.,"Only seven countries meet WHO air quality standard, research finds",https://www.theguardian.com/environment/2024/mar/19/air-pollution-health-report,39761844,6,2025-05-17 11:28:17.519014,D:\alpha_seeker\content_2024-03-20\f3aa6b9dbfe46d11d2e913615e92f044.html
152.,DOM Purify â€“ untrusted Node bypass,https://blog.slonser.info/posts/dompurify-node-type-confusion/,39763250,6,2025-05-17 11:28:17.517926,D:\alpha_seeker\content_2024-03-20\bfdbf7773d7575588b4ce9e1a218f6d3.html
151.,"Reddit Said to Price IPO at $34 a Share, in a Positive Sign for Tech",https://www.nytimes.com/2024/03/20/technology/reddit-ipo-stock-price.html,39772659,6,2025-05-17 11:28:17.517380,D:\alpha_seeker\content_2024-03-20\471c5964c9f43733cf632cd24ca6b496.html
149.,Justice Department to Sue Apple for Antitrust Violations as Soon as Thursday,https://www.bloomberg.com/news/articles/2024-03-20/doj-to-sue-apple-for-antitrust-violations-as-soon-as-thursday,39772378,5,2025-05-17 11:28:11.888303,
148.,The Semantic Web Is Dead â€“ Long Live the Semantic Web,https://github.com/GavinMendelGleason/blog/blob/main/entries/semantic_future.md,39757480,5,2025-05-17 11:28:11.886774,D:\alpha_seeker\content_2024-03-20\25fa85fc955799e805a03e954d75b450.html
147.,"Julian Assange, Justice Department Exploring Guilty Plea to End 14-Year Drama",https://www.wsj.com/world/europe/julian-assange-justice-department-exploring-guilty-plea-to-end-14-year-legal-drama-09c6ff83,39770584,5,2025-05-17 11:28:11.885301,
146.,"Show HN: Real-time voice chat with AI, no transcription",https://demo.tincans.ai/,39759147,5,2025-05-17 11:28:11.884085,D:\alpha_seeker\content_2024-03-20\c6a08f4c9648bf5110c12db9e10cc491.html
145.,Hokusai's rare Mt. Fuji collection sold for $3.6M. at N.Y. auction,https://english.kyodonews.net/news/2024/03/593061bd27ea-hokusais-rare-mt-fuji-collection-sold-for-36-mil-at-ny-auction.html,39762679,5,2025-05-17 11:28:11.884085,D:\alpha_seeker\content_2024-03-20\5f6f00b3ee9f7faa7de9aaee00091a21.html
144.,100TB benchmarks for GPU native data processing on 5TB of RAM,https://voltrondata.com/benchmarks/theseus,39747389,5,2025-05-17 11:28:11.883080,D:\alpha_seeker\content_2024-03-20\20a006e2e8e4090ba9849db5292daf5c.html
143.,Open Salamander is a fast and reliable two-panel file manager for Windows,https://github.com/OpenSalamander/salamander,39760255,5,2025-05-17 11:28:11.883080,D:\alpha_seeker\content_2024-03-20\2f1960a245a6a63bb4912af65547e07d.html
142.,I used ChatGPT as a reporting assistant. It didn't go well,https://www.niemanlab.org/2024/03/i-used-chatgpt-as-a-reporting-assistant-it-didnt-go-well/,39767531,5,2025-05-17 11:28:11.882078,
141.,US Media Is Collapsing,https://jacobin.com/2024/02/us-media-journalism-layoffs-policy,39766780,5,2025-05-17 11:28:11.881079,D:\alpha_seeker\content_2024-03-20\39f979c7f43a55145f59bb49445c9e0a.html
140.,PostgreSQL 17 gains built-in collation,https://www.postgresql.org/message-id/E1rmhxt-004ezT-OB%40gemulon.postgresql.org,39765626,5,2025-05-17 11:28:11.880062,D:\alpha_seeker\content_2024-03-20\42e6fa4076d2e1d1f25fd69a14da9fb6.html
139.,SacrÃ© Bleu Cheese enthusiasts are mourning the possible extinction of brie,https://www.salon.com/2024/03/15/sacr-bleu-cheese-enthusiasts-are-mourning-the-possible-extinction-of-brie-cheese/,39762060,5,2025-05-17 11:28:11.879061,D:\alpha_seeker\content_2024-03-20\7fe3bc14bdccb42ea6ae6cc997605b41.html
138.,Summarized Top YouTube Videos of A16Z,https://gosummarize.com/channel/a16z,39760980,5,2025-05-17 11:28:11.876519,D:\alpha_seeker\content_2024-03-20\be6761342869acd4f2f0784b60347e44.html
137.,Airline List,https://airlinelist.com/,39763461,5,2025-05-17 11:28:11.876519,D:\alpha_seeker\content_2024-03-20\8b95a145147d88850c31f5ccac3a536a.html
136.,California Must Triple Rate of Carbon Emissions Reductions to Reach 2030 Target,https://www.ecowatch.com/california-carbon-emissions-reduction-rate-2030.html,39761806,5,2025-05-17 11:28:11.876519,D:\alpha_seeker\content_2024-03-20\732fd81177655e47ed7ca9c9087b9b41.html
135.,Show HN: Zebrapuzzles.com â€“ Daily Logic Puzzles,https://www.zebrapuzzles.com/,39765519,5,2025-05-17 11:28:11.875518,D:\alpha_seeker\content_2024-03-20\8abff0fc97745092110233129a820b09.html
134.,DNA Tests Are Uncovering the True Prevalence of Incest,https://www.theatlantic.com/health/archive/2024/03/dna-tests-incest/677791/,39765894,5,2025-05-17 11:28:11.874518,D:\alpha_seeker\content_2024-03-20\70f9049e04ac575412b6a5519e769ad0.html
133.,$300B Crypto Price Crash Accelerates as Traders Brace for a Fed Shock,https://www.forbes.com/sites/digital-assets/2024/03/19/300-billion-crypto-price-crash-suddenly-accelerates-as-bitcoin-ethereum-and-xrp-traders-brace-for-a-fed-shock/,39761635,5,2025-05-17 11:28:11.874518,D:\alpha_seeker\content_2024-03-20\27d90b17072d3ffeee3760408d94b990.html
132.,Show HN: Arthas.ai â€“ An open-source alternative to character.ai,https://github.com/bennyschmidt/Arthas.AI,39752258,5,2025-05-17 11:28:11.873568,D:\alpha_seeker\content_2024-03-20\18c6ddd85e4fe8a12b9523610cbb5d6b.html
131.,Stop Doing Business with Russia,https://leave-russia.org/,39764094,5,2025-05-17 11:28:11.872493,D:\alpha_seeker\content_2024-03-20\8bbe362c1ef6fecab5319f709a3c5270.html
130.,"Android malware, Android malware and more Android malware",https://securelist.com/crimeware-report-android-malware/112121/,39765003,5,2025-05-17 11:28:11.872493,D:\alpha_seeker\content_2024-03-20\42b47435f90e26cc4fea7aabb615a17c.html
129.,"Web bloat means pages are 21MB+, some sites are harder to render than PUBG",https://www.tomshardware.com/tech-industry/modern-web-bloat-means-some-entry-level-phones-cant-run-simple-web-pages-and-load-times-are-high-for-pcs-some-sites-run-worse-than-pubg,39762611,5,2025-05-17 11:28:11.871330,D:\alpha_seeker\content_2024-03-20\2372ccb7470138527425789c6f0cf72b.html
128.,Copyright Troll Richard Liebowitz Disbarred,https://www.techdirt.com/2024/03/20/copyright-troll-richard-liebowitz-finally-disbarred/,39771508,5,2025-05-17 11:28:11.870315,D:\alpha_seeker\content_2024-03-20\068012b45c8d09751ee598da44a03267.html
127.,Electronic waste has grown to record levels,https://www.cnn.com/2024/03/20/climate/electronic-waste-recycling-climate-un/index.html,39766761,5,2025-05-17 11:28:11.869349,D:\alpha_seeker\content_2024-03-20\e49bd08567a9506691ca37ea7092a1e2.html
126.,Formula 1 chief appalled to find team using Excel to manage 20k car parts,https://arstechnica.com/cars/2024/03/formula-1-chief-appalled-to-find-team-using-excel-to-manage-20000-car-parts/,39771483,5,2025-05-17 11:28:11.868293,D:\alpha_seeker\content_2024-03-20\f498c96b28514b2eda37759792693baf.html
125.,Compiling Rust to WASI,https://benw.is/posts/compiling-rust-to-wasi,39764014,5,2025-05-17 11:28:11.866732,D:\alpha_seeker\content_2024-03-20\61a69312735c08b77382a52cb15178bb.html
124.,Optimizing black hole merger waveform calculations (Bluesky thread),https://bsky.app/profile/duetosymmetry.com/post/3knzeem5w362r,39759945,5,2025-05-17 11:28:11.865115,D:\alpha_seeker\content_2024-03-20\63da193106b048a30dc8ee38e63c9252.html
123.,Microsoft commits to two more non-subscription Office editions,https://www.theregister.com/2024/03/19/office_2024_microsoft/,39765161,5,2025-05-17 11:28:11.865115,D:\alpha_seeker\content_2024-03-20\f4259546332cdbb472479adf9c54c26d.html
122.,Curl Turns 26 Today,https://daniel.haxx.se/blog/2024/03/20/curl-turns-26-today/,39763868,5,2025-05-17 11:28:11.864076,D:\alpha_seeker\content_2024-03-20\e36206e581b082b57c642837ec20bd36.html
121.,AWS Introduces a New JavaScript Runtime for Lambda,https://www.i-programmer.info/news/81-web-general/17052-aws-introduces-a-new-javascript-runtime-for-lambda.html,39772268,5,2025-05-17 11:28:11.864076,D:\alpha_seeker\content_2024-03-20\3d076cd186b81b7b58f32ad537ab866f.html
119.,"Htmlq: Like Jq, but for HTML",https://github.com/mgdm/htmlq,39761419,4,2025-05-17 11:28:09.091124,D:\alpha_seeker\content_2024-03-20\165cadbc1c6d37da4c755198ea74ed26.html
118.,"Don't ask to ask, just ask",https://dontasktoask.com/,39762546,4,2025-05-17 11:28:09.089726,D:\alpha_seeker\content_2024-03-20\c92a9f7a4d9174c01f1feb7e6b81bf8a.html
117.,"Lego's 3,745-piece D&D set comes with its own playable adventure",https://www.theverge.com/2024/3/19/24105862/lego-dungeons-and-dragons-pictures-price-release-date,39770579,4,2025-05-17 11:28:09.089726,D:\alpha_seeker\content_2024-03-20\077084b5efa921bb2af13fcbf31f3aa1.html
116.,Firefox 124 improved on Android and Macs plus adds keyboard navigation of PDFs,https://www.theregister.com/2024/03/19/firefox_124/,39765178,4,2025-05-17 11:28:09.088718,D:\alpha_seeker\content_2024-03-20\87133651a7cd1d85f9e7e5abc4310da0.html
115.,Ask HN: What's behind all the UK IT failures this month?,https://news.ycombinator.com/item?id=39764874,39764874,4,2025-05-17 11:28:09.088718,D:\alpha_seeker\content_2024-03-20\0dcebda1669ffc918b2ab97fa896df73.html
114.,"Nvidia turns up the AI heat with 1,200W Blackwell GPUs",https://www.theregister.com/2024/03/18/nvidia_turns_up_the_ai/,39771146,4,2025-05-17 11:28:09.087191,D:\alpha_seeker\content_2024-03-20\ce260fb5f86e532f110877845a43b54e.html
113.,Amazon says its plastic packaging can be recycled. We found it usually isn't,https://grist.org/accountability/amazon-says-its-plastic-packaging-can-be-recycled-an-investigation-finds-it-usually-isnt/,39770477,4,2025-05-17 11:28:09.086192,D:\alpha_seeker\content_2024-03-20\842b85a356ccb6e4e53e3d5c0f3e2ce0.html
112.,Google's Woke AI Wasn't a Mistake. We Know. We Were There,https://www.thefp.com/p/ex-google-employees-woke-gemini-culture-broken,39762022,4,2025-05-17 11:28:09.086192,D:\alpha_seeker\content_2024-03-20\7cc57d1534818227918c41906d9e8f55.html
111.,Universities Have a Computer Science Problem,https://www.theatlantic.com/technology/archive/2024/03/computing-college-cs-majors/677792/,39762790,4,2025-05-17 11:28:09.085261,D:\alpha_seeker\content_2024-03-20\efd6d8da676faea468bdc0d5f68b5b38.html
110.,"MoBoard,Text-based video editor for animated presentation",https://moboard.netlify.app/,39763498,4,2025-05-17 11:28:09.085261,D:\alpha_seeker\content_2024-03-20\754f98822ef4b97d9c4f926679c502e7.html
109.,The Crime Rings Stealing Everything from Purses to Power Tools,https://www.newyorker.com/magazine/2024/03/25/the-crime-rings-stealing-everything-from-purses-to-power-tools,39769785,4,2025-05-17 11:28:09.084240,D:\alpha_seeker\content_2024-03-20\c0510175d1ddae6ae9ac4c1846d877a0.html
108.,Firefox can add text/drawings to PDFs,https://www.mozilla.org/en-US/firefox/features/pdf-editor/,39767078,4,2025-05-17 11:28:09.083246,D:\alpha_seeker\content_2024-03-20\a3c5eef0880e32a95cbb4aeec74899c4.html
107.,I'm Begging the Courts to Stop Citing My Work on Bite Mark Identification,https://www.theatlantic.com/ideas/archive/2024/03/courts-junk-science-forensics-evidence/677739/,39768321,4,2025-05-17 11:28:09.083246,D:\alpha_seeker\content_2024-03-20\63a150ce16627c48275ca1bfda0cfcbb.html
106.,"Apple could be in trouble over security warnings, as well as Core Technology Fee",https://9to5mac.com/2024/03/20/core-technology-fee-and-security-warnings/,39771822,4,2025-05-17 11:28:09.082236,D:\alpha_seeker\content_2024-03-20\d51cc9e59ef5fc0c8e9b6163f973cad3.html
105.,"Farmed salmon leads to loss of nutrients, instead eat 'feed fishes' directly",https://www.lancaster.ac.uk/news/fish-fed-to-farmed-salmon-should-be-part-of-our-diet-too-study-suggests,39766176,4,2025-05-17 11:28:09.081189,D:\alpha_seeker\content_2024-03-20\29e00177a96867b343fb86056b3d5f8a.html
104.,GM's data sharing scandal shows need for better connected car consent,https://arstechnica.com/cars/2024/03/car-makers-shady-data-sharing-takes-spotlight-in-gm-connected-car-scandal/,39769562,4,2025-05-17 11:28:09.081189,D:\alpha_seeker\content_2024-03-20\025423a226284303b4d526664778b7d9.html
103.,Italy's Piracy Shield Blocks Innocent Web Sites and Makes It Hard to Appeal,https://www.techdirt.com/2024/03/19/italys-piracy-shield-blocks-innocent-web-sites-and-makes-it-hard-for-them-to-appeal/,39767082,4,2025-05-17 11:28:09.080191,D:\alpha_seeker\content_2024-03-20\8ef4688f82746c982999bbe6454a0d4b.html
102.,Pen plotting SVGs at a small scale,https://adamfuhrer.com/small-scale-pen-plotting/,39761422,4,2025-05-17 11:28:09.080191,D:\alpha_seeker\content_2024-03-20\abfeed9ca730da1ac18472defb56da0c.html
101.,macOS Sonoma 14.4 Bug 'Destroys Saved Versions in iCloud Drive',https://www.macrumors.com/2024/03/19/sonoma-bug-destroys-saved-versions-icloud-drive/,39764830,4,2025-05-17 11:28:09.079238,D:\alpha_seeker\content_2024-03-20\5a26125fcbba669396360c4329c6285a.html
100.,Dune Genesis (1980),https://emmaconcepts.net/dune-genesis/,39761731,4,2025-05-17 11:28:09.078166,D:\alpha_seeker\content_2024-03-20\dc645e25327bbf42b2bb9897adf6c442.html
99.,rustup in official apt repositories: starting from Debian 13 and Ubuntu 24.04,https://rust-lang.github.io/rustup/installation/other.html,39771053,4,2025-05-17 11:28:09.078166,D:\alpha_seeker\content_2024-03-20\8146843cd32ce632d3e0b06318b51734.html
98.,Banning the purchase of sex increases cases of rape: evidence from Sweden,https://link.springer.com/article/10.1007/s00148-024-00984-2,39765390,4,2025-05-17 11:28:09.076591,D:\alpha_seeker\content_2024-03-20\549fb2aa13909d88e75882a3a0b5002a.html
97.,Swept away: $500k sand dune built to protect US homes disappears in days,https://www.theguardian.com/us-news/2024/mar/13/sand-dune-tide-beach-house-massachusetts,39764963,4,2025-05-17 11:28:09.076591,D:\alpha_seeker\content_2024-03-20\a03c1d4ffbee0e0ffc29d6b94a7e8e1c.html
96.,"More than 50,000 Americans died by suicide in 2023â€“more than any year on record",https://www.nbcnews.com/meet-the-press/video/more-than-50-000-americans-died-by-suicide-in-2023-more-than-any-year-on-record-201161285832,39772784,4,2025-05-17 11:28:09.075585,D:\alpha_seeker\content_2024-03-20\9c69417f7cf2c26c1ba79862da94d363.html
95.,Apple removed Alexei Navalny's app after Kremlin demand,https://twitter.com/ioannZH/status/1770508878901280821,39770667,4,2025-05-17 11:28:09.075585,
94.,Glassdoor is now adding real names to user profiles without consent,https://www.teamblind.com/post/Glassdoor-is-now-adding-real-names-and-personal-info-to-user-profiles-without-consent-Delete-your-account-ASAP-TGx0k5mo,39769166,4,2025-05-17 11:28:09.074584,D:\alpha_seeker\content_2024-03-20\e49f4022e2c28a080873cb1e45665214.html
93.,Intel prepares for $100B spending spree across four US states,https://www.reuters.com/technology/intel-prepares-100-bln-spending-spree-across-four-us-states-2024-03-20/,39764821,4,2025-05-17 11:28:09.074584,
92.,ISP's Landmark Piracy Liability Case Doesn't Get a Do-Over in Appeals Court,https://torrentfreak.com/isps-landmark-piracy-liability-case-doesnt-get-a-do-over-in-appeals-court-240320/,39767286,4,2025-05-17 11:28:09.073581,D:\alpha_seeker\content_2024-03-20\560b330ec6803e226bd86f1ab57c80ef.html
91.,U.S. No Longer Ranks Among 20 Happiest Countries,https://www.wsj.com/health/wellness/world-happiness-report-americans-top-20-0f59cf98,39763595,4,2025-05-17 11:28:09.072574,
89.,Design Is an Island â€“ By Kent Beck,https://tidyfirst.substack.com/p/design-is-an-island,39765159,3,2025-05-17 11:28:06.439579,D:\alpha_seeker\content_2024-03-20\b1f62a285bb0ef62c151c85f3ffe0386.html
88.,PFAS in blood are ubiquitous and associated with risk of cardiovascular diseases,https://medicalxpress.com/news/2024-03-pfas-blood-ubiquitous-cardiovascular-diseases.html,39765419,3,2025-05-17 11:28:06.439579,D:\alpha_seeker\content_2024-03-20\11b8229dd0a0f78365fbb4ec2124684a.html
87.,Judge demands social media sites prove they didn't help radicalize mass shooter,https://www.theregister.com/2024/03/19/social_media_sites_headed_to/,39761324,3,2025-05-17 11:28:06.439579,D:\alpha_seeker\content_2024-03-20\81a03dc15eb294948b8dd23dbfcab88e.html
86.,The AMD tinybox is on hold until we can build and run the firmware on our GPUs,https://twitter.com/__tinygrad__/status/1770151484363354195,39770257,3,2025-05-17 11:28:06.439579,
85.,Trailing Dots in Domain Names,http://www.dns-sd.org/trailingdotsindomainnames.html,39772573,3,2025-05-17 11:28:06.439579,D:\alpha_seeker\content_2024-03-20\47fec031baea8f22eb4f90f5a11603a4.html
84.,Arch Linux minimal container userland 100% reproducible â€“ now what?,https://lists.reproducible-builds.org/pipermail/rb-general/2024-March/003301.html,39765851,3,2025-05-17 11:28:06.438477,D:\alpha_seeker\content_2024-03-20\cbd1d27c5023e45dbded25da458b784d.html
83.,Ask HN: How did you get yourself out of a rut?,https://news.ycombinator.com/item?id=39761808,39761808,3,2025-05-17 11:28:06.438477,D:\alpha_seeker\content_2024-03-20\c51d734cbd81e160a40f8a2e5fcd9bed.html
82.,"Climate Change Speeds Up as Major Indicators Blow Off the Charts, WMO Warns",https://www.bloomberg.com/news/articles/2024-03-19/climate-change-speeds-up-as-major-indicators-blow-off-the-charts-wmo-warns,39763545,3,2025-05-17 11:28:06.438477,
81.,How OpenAI's Sora Model Works,https://www.factorialfunds.com/blog/under-the-hood-how-openai-s-sora-model-works,39766776,3,2025-05-17 11:28:06.438477,D:\alpha_seeker\content_2024-03-20\540490772f9c20cda31e41fbfdb03505.html
80.,Trusting Content on the KDE Store,https://blog.davidedmundson.co.uk/blog/kde-store-content/,39765028,3,2025-05-17 11:28:06.437969,D:\alpha_seeker\content_2024-03-20\78b3d166f2d99d4bb91411ac0bdf6de1.html
79.,"The C++ Killers (Not You, Rust)",https://wordsandbuttons.online/the_real_cpp_killers.html,39770467,3,2025-05-17 11:28:06.435971,D:\alpha_seeker\content_2024-03-20\4e665800af89d5f128ffaeb8367b16ec.html
78.,We've Been Treating Concussions All Wrong,https://slate.com/technology/2024/03/concussion-symptoms-signs-treatment-advice.html,39750372,3,2025-05-17 11:28:06.435971,D:\alpha_seeker\content_2024-03-20\e6f8ef68f40c2ae22ad6ebd9614dd144.html
77.,Blocklist that contain AI generated content for uBlock Origin and uBlacklist,https://github.com/laylavish/uBlockOrigin-HUGE-AI-Blocklist,39771742,3,2025-05-17 11:28:06.434969,D:\alpha_seeker\content_2024-03-20\83aedcce9efa8251477c5b450cafde1f.html
76.,Lenovo announced ThinkPads for 'better sustainability and extended repairabilty',https://news.lenovo.com/pressroom/press-releases/unleashing-innovation-and-better-sustainability-of-lenovos-latest-thinkpad-l-series-and-x-series-laptops/,39763429,3,2025-05-17 11:28:06.434969,D:\alpha_seeker\content_2024-03-20\038e14d8216b9f21087e8ab1f07a9d02.html
75.,Honduras Ratchets Up Battle with Crypto-Libertarian Investors,https://theintercept.com/2024/03/19/honduras-crypto-investors-world-bank-prospera/,39764969,3,2025-05-17 11:28:06.433969,D:\alpha_seeker\content_2024-03-20\532900ab3c986dda4bdae8df6445e15a.html
74.,Stardew Valley 1.6 Changelog,https://www.stardewvalley.net/stardew-valley-1-6-update-full-changelog/,39759312,3,2025-05-17 11:28:06.433969,D:\alpha_seeker\content_2024-03-20\591083a2fc7f86b5473082b044f02801.html
73.,United Arab Emirates is using cloud seeding tech to make it rain,https://www.cnbc.com/2024/03/18/united-arab-emirates-is-using-cloud-seeding-tech-to-make-it-rain.html,39768048,3,2025-05-17 11:28:06.432970,D:\alpha_seeker\content_2024-03-20\d56198ee865df76734f14641ea0269c7.html
72.,US Gov announces $8.5B preliminary CHIPS investment agreement with Intel,https://www.commerce.gov/news/press-releases/2024/03/biden-harris-administration-announces-preliminary-terms-intel-support,39768069,3,2025-05-17 11:28:06.432970,D:\alpha_seeker\content_2024-03-20\ff240c3e97e845e1fa24e20186bb2260.html
71.,They Praised AI at SXSWâ€“and the Audience Started Booing,https://www.honest-broker.com/p/they-praised-ai-at-sxswand-the-audience,39763221,3,2025-05-17 11:28:06.431969,D:\alpha_seeker\content_2024-03-20\280fbfc11e234a71d4bea1455fcba21f.html
70.,First beta of Nintendo Switch emulator Suyu goes live,https://overkill.wtf/nintendo-switch-emulator-suyu-beta/,39766138,3,2025-05-17 11:28:06.431969,D:\alpha_seeker\content_2024-03-20\2b709a3e25d84971d95180206a3d9357.html
69.,Encyclopaedia Britannica Seeking $1B Valuation in IPO,https://www.bloomberg.com/news/articles/2024-03-18/encyclopaedia-britannica-seeking-1-billion-valuation-in-ipo,39745365,3,2025-05-17 11:28:06.430969,
68.,Ethereum Foundation removes their canary,https://github.com/ethereum/ethereum-foundation-website/commit/769b30603504b4b5e8f601f8014691a8d1821390,39768336,3,2025-05-17 11:28:06.429953,D:\alpha_seeker\content_2024-03-20\2862c6e032313b35b25b14464f27eb5d.html
67.,"Introducing GNOME 46, ""Kathmandu""",https://release.gnome.org/46/,39769225,3,2025-05-17 11:28:06.429953,D:\alpha_seeker\content_2024-03-20\bc94adc9c0df63399b73e6b2c051b8b6.html
66.,"Nvidia Unveils Blackwell, Its Next GPU",https://spectrum.ieee.org/nvidia-blackwell,39764988,3,2025-05-17 11:28:06.428951,D:\alpha_seeker\content_2024-03-20\8fca879c3595f7343e1a08bc6f622d83.html
65.,Use weird tests to capture tacit knowledge,https://jmduke.com/posts/essays/weird-tests-tacit-knowledge/,39763751,3,2025-05-17 11:28:06.428951,D:\alpha_seeker\content_2024-03-20\6fd68411e0f9babaa7060df1f0411f0d.html
64.,Key Stable Diffusion Researchers Leave Stability AI as Company Flounders,https://www.forbes.com/sites/iainmartin/2024/03/20/key-stable-diffusion-researchers-leave-stability-ai-as-company-flounders,39768402,3,2025-05-17 11:28:06.427932,D:\alpha_seeker\content_2024-03-20\d54f2ce324c64a62ffad0822d59664d3.html
63.,Unpowered cargo gliders on tow ropes promise 65% cheaper air freight,https://newatlas.com/aircraft/towed-cargo-gliders/,39762006,3,2025-05-17 11:28:06.427932,D:\alpha_seeker\content_2024-03-20\6172a79d1f729f2776ff26b46e8a380a.html
62.,People hate the idea of car-free cities until they live in one,https://www.wired.com/story/car-free-cities-opposition/,39765281,3,2025-05-17 11:28:06.426417,D:\alpha_seeker\content_2024-03-20\53843d039fef20f65c0b1aa58acc9f53.html
61.,European Space Agency to measure Earth at millimeter scale,https://www.theregister.com/2024/03/20/esa_1_millimeter/,39764768,3,2025-05-17 11:28:06.426417,D:\alpha_seeker\content_2024-03-20\112002951339ec1e077d03febe69367c.html
59.,RStudio: Integrated development environment (IDE) for R,https://github.com/rstudio/rstudio,39764887,2,2025-05-17 11:28:03.461100,D:\alpha_seeker\content_2024-03-20\33c71d6c47d683ea9c13343f7f925ec6.html
58.,'Britain's Pompeii' reveals Bronze Age village frozen in time,https://www.cnn.com/2024/03/20/europe/must-farm-bronze-age-britain-pompeii-scn/index.html,39767083,2,2025-05-17 11:28:03.461100,D:\alpha_seeker\content_2024-03-20\0ad007939582064e86252d8b794b8905.html
57.,"In wake of powerful cyclone, remarkable recovery of Pacific island's forests",https://phys.org/news/2024-03-powerful-cyclone-remarkable-recovery-pacific.html,39767533,2,2025-05-17 11:28:03.460072,D:\alpha_seeker\content_2024-03-20\a9c9c391aa3cd61981178fe1c9e834ae.html
56.,Memories from when you were a baby might not be gone,https://www.nature.com/articles/d41586-024-00844-9,39761990,2,2025-05-17 11:28:03.460072,D:\alpha_seeker\content_2024-03-20\0b4fc8cd2088107fe404b70f00a52ad1.html
55.,Researchers observe how energy of single electron is tuned by surrounding atoms,https://phys.org/news/2024-03-quantum-energy-electron-tuned-atoms.html,39744178,2,2025-05-17 11:28:03.458943,D:\alpha_seeker\content_2024-03-20\3d332b4d7a30c8f3f8716175d92bdd35.html
54.,'A landmark moment': scientists use AI to design antibodies from scratch,https://www.nature.com/articles/d41586-024-00846-7,39761431,2,2025-05-17 11:28:03.458943,D:\alpha_seeker\content_2024-03-20\d9690ee8ee2fc183dfc7804a17c90de1.html
53.,Generic and Automated Drive-By GPU Cache Attacks from the Browser [pdf],https://ginerlukas.com/publications/papers/WebGPUAttacks.pdf,39760496,2,2025-05-17 11:28:03.458291,
52.,Google fined â‚¬250M in France for breaching intellectual property deal,https://www.theguardian.com/technology/2024/mar/20/google-fined-250m-euros-in-france-for-breaching-intellectual-property-rules,39765179,2,2025-05-17 11:28:03.457747,D:\alpha_seeker\content_2024-03-20\2e4d6742b0189cf62ff62462d3ecff63.html
51.,Neuralink patient controls games by thinking during interview,https://twitter.com/neuralink/status/1770563939413496146,39772295,2,2025-05-17 11:28:03.457060,
50.,Governor signs bills creating EV charging station network across Wisconsin,https://apnews.com/article/wisconsin-electric-vehicles-charging-stations-8f240084670b7b210d162f83b22168d9,39772571,2,2025-05-17 11:28:03.457060,D:\alpha_seeker\content_2024-03-20\0f9ae2cc6c0323c9ca599d48d3ec98db.html
49.,Show HN JetMove â€“ Extra Nav and Multiple Caret Enhancements for Jetbrians IDEs,https://gist.github.com/lurebat/df773fecbc6829625d996fc8a65d5e25,39764818,2,2025-05-17 11:28:03.456373,D:\alpha_seeker\content_2024-03-20\c3a1c1692149139d542f283a38dd694c.html
48.,Claim: Private GitHub repos included in AI dataset,https://post.lurk.org/@emenel/112111014479288871,39770712,2,2025-05-17 11:28:03.456373,D:\alpha_seeker\content_2024-03-20\e103662bb93d9053d60ed0189fa5ec31.html
47.,EFF: Tell Congress: We Can't Afford More Bad Patents,https://act.eff.org/action/tell-congress-we-can-t-afford-more-bad-patents,39763104,2,2025-05-17 11:28:03.455668,D:\alpha_seeker\content_2024-03-20\66f9fc4ad627734f2a9659948954cdbb.html
46.,Rare eleventh-century astrolabe discovery shows Islamicâ€“Jewish sci. exchange,https://phys.org/news/2024-03-rare-eleventh-century-astrolabe-discovery.html,39767408,2,2025-05-17 11:28:03.455668,D:\alpha_seeker\content_2024-03-20\092f48765c5e7438df9a90f3b229606e.html
44.,"Multiple Stability AI researchers are departing, CEO says",https://twitter.com/kenrickcai/status/1770474370278035775,39768361,2,2025-05-17 11:28:03.455103,
43.,Dissent â€“ A GTK4 Discord client written in Go,https://github.com/diamondburned/dissent,39762890,2,2025-05-17 11:28:03.455103,D:\alpha_seeker\content_2024-03-20\0e1f8939234eac0e3e2347acaa999e69.html
42.,I Improved My Rust Compile Times,https://benw.is/posts/how-i-improved-my-rust-compile-times-by-seventy-five-percent,39762807,2,2025-05-17 11:28:03.454404,D:\alpha_seeker\content_2024-03-20\69c4ed54cd54eefc90426a9a9a293ef0.html
41.,Show HN: macOS Reminder Sync for Obsidian Tasks,https://turquoisehexagon.co.uk/remindersync/,39764919,2,2025-05-17 11:28:03.454404,D:\alpha_seeker\content_2024-03-20\7dd91559fdde8d10a6029491a8354ccc.html
40.,Researchers used NYC buildings to measure the 1925 solar eclipse,https://www.6sqft.com/how-researchers-used-nyc-buildings-to-measure-the-1925-solar-eclipse/,39761418,2,2025-05-17 11:28:03.454404,D:\alpha_seeker\content_2024-03-20\c413e29df39d4cc0c74fd353e87b4121.html
39.,The Speediest Creatures on Earth,https://nautil.us/the-speediest-creatures-on-earth-532660/,39745900,2,2025-05-17 11:28:03.453822,D:\alpha_seeker\content_2024-03-20\b1dcc0028df93931743f5e57446f5815.html
38.,Show HN: Nebula â€“ A network agnostic DHT crawler,https://github.com/dennis-tra/nebula,39764839,2,2025-05-17 11:28:03.453822,D:\alpha_seeker\content_2024-03-20\f91420f714ff7fa980c400859e8cc6b9.html
37.,Build systems a la carte: theory and practice (2020),https://simon.peytonjones.org/build-systems-a-la-carte-theory-and-practice/,39763074,2,2025-05-17 11:28:03.453822,D:\alpha_seeker\content_2024-03-20\708ee9ca398496460cd35ee2edda8c06.html
36.,Long Covid brain fog may be due to damaged blood vessels in the brain,https://www.sciencenews.org/article/long-covid-brain-fog-blood-brain-barrier-damage,39762776,2,2025-05-17 11:28:03.453204,D:\alpha_seeker\content_2024-03-20\dbd2c9addc1e76afa9d15d0d76c5688d.html
35.,Show HN: Iteratively Building Virtual Creatures in Minecraft,https://github.com/cfusting/conditional-growth,39762128,2,2025-05-17 11:28:03.453204,D:\alpha_seeker\content_2024-03-20\1daf7bd4c53763c2bc965a579f0c46ec.html
34.,Frederick Reines â€“ The singing UCI Nobel Laureate who nearly bombed Nevada,https://www.physics.uci.edu/node/14126,39744920,2,2025-05-17 11:28:03.453204,D:\alpha_seeker\content_2024-03-20\64314b0811285733a52c9f6a9e2fe3b4.html
33.,Focus by Automation,https://myme.no/posts/2024-03-19-focus-by-automation.html,39766236,2,2025-05-17 11:28:03.452598,D:\alpha_seeker\content_2024-03-20\a156731ab3346dc5ac070a4dded5cedb.html
32.,"If gravity isn't a force, then why does it ""need"" a boson?",https://old.reddit.com/r/Physics/comments/1bii6h4/if_gravity_isnt_a_force_then_why_does_it_need_a/,39762272,2,2025-05-17 11:28:03.452598,
31.,Why does an extraneous build step make my Zig app 10x faster?,https://mtlynch.io/zig-extraneous-build/,39764287,2,2025-05-17 11:28:03.451998,D:\alpha_seeker\content_2024-03-20\e6795dc484b4d913929aebfce65a569e.html
29.,MindEye2: Shared-Subject Models Enable fMRI-to-Image with 1 Hour of Data,https://arxiv.org/abs/2403.11207,39761265,1,2025-05-17 11:28:00.186141,D:\alpha_seeker\content_2024-03-20\c824e632592a834c1ec6d19aed6cb64c.html
28.,Eclipse Tracks,https://eclipsetracks.org/,39734094,1,2025-05-17 11:28:00.186141,D:\alpha_seeker\content_2024-03-20\4065d1d57852f5fdd2774aaecbebab2c.html
27.,Paris preserves its mixed society by pouring billions into public housing,https://www.nytimes.com/2024/03/17/realestate/paris-france-housing-costs.html,39765692,1,2025-05-17 11:28:00.186141,D:\alpha_seeker\content_2024-03-20\6fdd6b0099edc7f2d216d41960fb543e.html
26.,"Study puts fermented foods, not fire, as pivotal moment in human brain growth",https://plantbasednews.org/news/science/fermented-foods-human-brain-growth/,39762588,1,2025-05-17 11:28:00.186141,D:\alpha_seeker\content_2024-03-20\a3fb91b434db52bd23079559909a7232.html
25.,Let's create a Tree-sitter grammar,https://www.jonashietala.se/blog/2024/03/19/lets_create_a_tree-sitter_grammar/,39762495,1,2025-05-17 11:28:00.185178,D:\alpha_seeker\content_2024-03-20\bd88c7198737a03bebb88ce635b6c81c.html
24.,Soul: A SQLite REST and Realtime Server,https://thevahidal.github.io/soul/,39762315,1,2025-05-17 11:28:00.185178,D:\alpha_seeker\content_2024-03-20\8085ebbba5f5e89c8adb25fd1b587bb1.html
23.,So you think you want to write a deterministic hypervisor?,https://antithesis.com/blog/deterministic_hypervisor/,39766222,1,2025-05-17 11:28:00.185178,D:\alpha_seeker\content_2024-03-20\e202c79d63d2ea869a04ec3ede9f3d38.html
22.,The Starship or the Canoe: Where will our future adaptations be? (2017),https://alumni.berkeley.edu/california-magazine/summer-2017-adaptation/starship-or-canoe-where-will-our-future-adaptations-be/,39771446,1,2025-05-17 11:28:00.185178,D:\alpha_seeker\content_2024-03-20\6a87281b381524a2fdf2c7d350ee3b18.html
21.,Retina â€“ eBPF distributed networking observability tool for Kubernetes,https://github.com/microsoft/retina,39759627,1,2025-05-17 11:28:00.185178,D:\alpha_seeker\content_2024-03-20\0caeed3fdc163a29d3e6a6f1cf7af840.html
20.,OpenAI's chatbot store is filling up with spam,https://techcrunch.com/2024/03/20/openais-chatbot-store-is-filling-up-with-spam/,39769708,1,2025-05-17 11:28:00.185178,D:\alpha_seeker\content_2024-03-20\95c4b9d33e693de8984d88978e1d7211.html
19.,Launch HN: CamelQA (YC W24) â€“ AI that tests mobile apps,https://news.ycombinator.com/item?id=39769412,39769412,1,2025-05-17 11:28:00.184162,D:\alpha_seeker\content_2024-03-20\0d74ecbca45ef7d24b97bc7278fad914.html
17.,The Google employees who created transformers,https://www.wired.com/story/eight-google-employees-invented-modern-ai-transformers-paper/,39766170,1,2025-05-17 11:28:00.184162,D:\alpha_seeker\content_2024-03-20\67ecaab65939f8380a8e7fa4b861b936.html
16.,Got my ultimate retro KVM setup working,https://rubenerd.com/finally-got-my-ultimate-retro-kvm-setup-working/,39733408,1,2025-05-17 11:28:00.184162,D:\alpha_seeker\content_2024-03-20\29b6ed93d76fafa833eb71e466039d16.html
15.,"Root cause of Alzheimer's may be fat buildup in brain cells, research suggests",https://medicalxpress.com/news/2024-03-root-alzheimer-fat-buildup-brain.html,39760333,1,2025-05-17 11:28:00.183196,D:\alpha_seeker\content_2024-03-20\9ff100bacea2faff7e937fa01c2f347a.html
14.,Valve Built An Orb: The making of the Steam Deck OLED launch trailer,https://store.steampowered.com/news/app/593110/view/4118051100641390121,39772468,1,2025-05-17 11:28:00.183196,D:\alpha_seeker\content_2024-03-20\910a0b12004e036306068c1a4411d631.html
12.,HIV in cell culture can be completely eliminated using CRISPR-Cas gene editing [pdf],https://www.escmid.org/fileadmin/src/media/PDFs/2News_Discussions/Press_activities/2024/HIVCRISPRV4_1_.pdf,39761283,1,2025-05-17 11:28:00.180203,
11.,Show HN: jnv: interactive JSON filter using jq,https://github.com/ynqa/jnv,39759325,1,2025-05-17 11:28:00.180203,D:\alpha_seeker\content_2024-03-20\9ed86057c034aae68983794cbbf9d816.html
10.,Indonesia's e-bike shops are building their own batteries,https://restofworld.org/2024/homemade-ebike-battery-indonesia/,39764992,1,2025-05-17 11:28:00.180203,D:\alpha_seeker\content_2024-03-20\a06f6ca3593a537cc526a293e049fad5.html
9.,JITX â€“ The Fastest Way to Design Circuit Boards,https://www.jitx.com,39771983,1,2025-05-17 11:28:00.179204,D:\alpha_seeker\content_2024-03-20\0c179cfea12a826a7ffe1b0f0c487dba.html
8.,Bug hunting in Btrfs,https://tavianator.com/2024/btrfs_bug.html,39765715,1,2025-05-17 11:28:00.179204,D:\alpha_seeker\content_2024-03-20\1f3ec0b2e0f89350ffd8a0143f30f20a.html
7.,"Regex character ""$"" doesn't mean ""end-of-string""",https://sethmlarson.dev/regex-$-matches-end-of-string-or-newline,39763750,1,2025-05-17 11:28:00.179204,D:\alpha_seeker\content_2024-03-20\bfeff563c94ec240472f5a74c93d1eca.html
6.,Intel to Receive $8.5B in Grants to Build Chip Plants,https://www.nytimes.com/2024/03/20/us/politics/chips-act-grant-intel.html,39765718,1,2025-05-17 11:28:00.178128,D:\alpha_seeker\content_2024-03-20\34cc338a9d0ac55dc3b12142da211753.html
5.,Michel Talagrand wins Abel Prize for work wrangling randomness,https://www.quantamagazine.org/michel-talagrand-wins-abel-prize-for-work-wrangling-randomness-20240320/,39764954,1,2025-05-17 11:28:00.178128,D:\alpha_seeker\content_2024-03-20\a3b498a5018199aed34e60ba34e6ce03.html
4.,Google Scholar PDF Reader,https://scholar.googleblog.com/2024/03/supercharge-your-pdf-reading-follow.html,39768438,1,2025-05-17 11:28:00.178128,D:\alpha_seeker\content_2024-03-20\98fd21dea648856e59edd0d01a8a5851.html
3.,Rive Renderer for real-time vector graphics is now open source,https://rive.app/blog/rive-renderer-now-open-source-and-available-on-all-platforms,39766893,1,2025-05-17 11:28:00.176560,D:\alpha_seeker\content_2024-03-20\938c76f3e1dc5f16c46995421eff9986.html
2.,Suspicious discontinuities (2020),https://danluu.com/discontinuities/,39768860,1,2025-05-17 11:28:00.176560,D:\alpha_seeker\content_2024-03-20\2779493d1bfbf06628a3fad0c2f5f256.html
1.,Flightradar24's new GPS jamming map,https://www.flightradar24.com/blog/gps-jamming-map/,39768434,1,2025-05-17 11:28:00.176560,D:\alpha_seeker\content_2024-03-20\32d2683cf4395d6dec162bc35e1176d1.html
18.,5GSimWaveform: Open Source Common Waveform Simulator for 5G Physical Layer,https://www.qamcom.com/look-into-qamcoms-research-on-5g/,39770249,1,2025-05-17 11:28:00.184162,
45.,Hitting the Jackpot: The Birth of the Monte Carlo Method (2023),https://discover.lanl.gov/publications/actinide-research-quarterly/first-quarter-2023/hitting-the-jackpot-the-birth-of-the-monte-carlo-method/,39748761,2,2025-05-17 11:28:03.455103,
178.,Breast self-exams aren't recommended anymore. Here's why.,https://www.washingtonpost.com/wellness/2023/09/18/breast-self-exam-cancer-risk/,39752026,6,2025-05-17 11:28:17.532041,
